"age","gender","occupation","zipcode"
-0.824421913699304,0.637989494146098,"technician",1.00033650749778
1.55404270007165,-1.56576176219006,"other",1.29727403013242
-0.90643793486382,0.637989494146098,"writer",-0.559693462164854
-0.824421913699304,0.637989494146098,"technician",-0.289347359467637
-0.0862777232186634,-1.56576176219006,"other",-1.16686421740287
0.651866467261977,0.637989494146098,"executive",1.60307535941288
1.88210678472971,0.637989494146098,"administrator",1.12886170386203
0.159770340274883,0.637989494146098,"administrator",-1.54357599984981
-0.414341807876726,0.637989494146098,"student",-1.75187545602635
1.55404270007165,0.637989494146098,"lawyer",1.08897457395588
0.40581840376843,-1.56576176219006,"other",-0.595148688748095
-0.496357829041241,-1.56576176219006,"other",-1.49925696662076
1.06194657308456,0.637989494146098,"educator",-0.679354851883294
0.897914530755524,0.637989494146098,"scientist",0.0873644229793051
1.22597861541359,-1.56576176219006,"educator",1.54546061621512
-1.07046997719285,0.637989494146098,"entertainment",-1.32641273702745
-0.33232578671221,0.637989494146098,"programmer",-1.51255267658947
0.0777543191103678,-1.56576176219006,"other",-0.440032072446414
0.487834424932946,0.637989494146098,"librarian",-1.65437358292244
0.651866467261977,-1.56576176219006,"homemaker",1.46568635640282
-0.660389871370273,0.637989494146098,"writer",-0.612876302039716
-0.742405892534788,0.637989494146098,"writer",-0.377985425925741
-0.33232578671221,-1.56576176219006,"artist",-0.143094549811765
-1.07046997719285,-1.56576176219006,"artist",1.33716116003857
0.40581840376843,0.637989494146098,"engineer",0.0917963263022103
1.22597861541359,0.637989494146098,"engineer",-0.905381921351459
0.487834424932946,-1.56576176219006,"librarian",-0.630603915331337
-0.168293744383179,0.637989494146098,"writer",0.162706779468693
0.569850446097461,0.637989494146098,"programmer",1.29727403013242
-2.21869427349607,0.637989494146098,"student",0.215889619343556
-0.824421913699304,0.637989494146098,"artist",-1.3662998669336
-0.496357829041241,-1.56576176219006,"student",0.792037051321232
-0.90643793486382,0.637989494146098,"student",-0.745833401726872
0.323802382603915,-1.56576176219006,"administrator",-0.342530199342499
-1.15248599835737,-1.56576176219006,"homemaker",-0.338098296019594
-1.23450201952188,-1.56576176219006,"student",1.26181880354918
-0.90643793486382,0.637989494146098,"student",0.0829325196563999
-0.496357829041241,-1.56576176219006,"other",0.0519091963960635
0.569850446097461,0.637989494146098,"entertainment",-1.74744355270345
0.323802382603915,0.637989494146098,"scientist",-0.736969595081062
-0.0862777232186634,0.637989494146098,"engineer",0.862947504487715
-0.33232578671221,0.637989494146098,"administrator",-1.08708995759057
-0.414341807876726,-1.56576176219006,"librarian",-0.931973341288891
-0.660389871370273,0.637989494146098,"technician",-0.196277389686628
-0.414341807876726,0.637989494146098,"programmer",-0.0810479032910924
-0.578373850205757,-1.56576176219006,"marketing",-0.191845486363722
1.55404270007165,0.637989494146098,"marketing",-1.43721032010008
0.897914530755524,0.637989494146098,"administrator",-1.23334276724644
-0.90643793486382,-1.56576176219006,"student",0.659079951634076
-1.07046997719285,0.637989494146098,"writer",-0.0367288700620404
-0.496357829041241,0.637989494146098,"educator",-1.12697708749672
-1.3165180406864,-1.56576176219006,"student",0.0829325196563999
-0.660389871370273,0.637989494146098,"programmer",0.189298199406125
-0.988453956028335,0.637989494146098,"executive",0.512827141978204
0.241786361439399,0.637989494146098,"programmer",-1.73857974605764
-0.742405892534788,0.637989494146098,"librarian",-0.196277389686628
-1.48055008301543,0.637989494146098,"none",0.916130344362577
-0.578373850205757,0.637989494146098,"programmer",-0.0322969667391352
1.22597861541359,0.637989494146098,"educator",-1.39732319019394
1.3079946365781,0.637989494146098,"healthcare",-1.49039315997495
0.159770340274883,0.637989494146098,"engineer",-0.621740108685527
-0.578373850205757,-1.56576176219006,"administrator",1.52773300292349
-0.250309765547695,0.637989494146098,"marketing",0.64578424166536
-0.168293744383179,0.637989494146098,"educator",-0.315938779405068
1.39001065774262,-1.56576176219006,"educator",-0.14752645313467
-0.90643793486382,0.637989494146098,"student",0.85851560116481
-1.39853406185091,0.637989494146098,"student",0.326687202416186
-1.23450201952188,0.637989494146098,"student",-0.830039564862071
-0.824421913699304,0.637989494146098,"engineer",0.144979166177073
-0.578373850205757,0.637989494146098,"engineer",0.282368169187134
0.40581840376843,0.637989494146098,"scientist",1.58977964944417
1.14396259424907,-1.56576176219006,"administrator",0.579305691821782
-0.824421913699304,0.637989494146098,"student",-0.35139400598831
0.40581840376843,0.637989494146098,"scientist",1.73603245910004
-0.824421913699304,0.637989494146098,"entertainment",-1.38402748022522
-1.15248599835737,0.637989494146098,"student",-1.6189183563392
-0.33232578671221,0.637989494146098,"technician",-0.666059141914579
-0.660389871370273,0.637989494146098,"administrator",0.410893365551385
0.40581840376843,-1.56576176219006,"administrator",-1.57016741978724
-0.00426170205414781,-1.56576176219006,"administrator",-0.0411607733849456
-1.07046997719285,0.637989494146098,"student",-0.883222404736933
1.3079946365781,0.637989494146098,"programmer",-0.838903371507881
0.487834424932946,0.637989494146098,"other",-0.267187842853111
-0.168293744383179,0.637989494146098,"executive",0.162706779468693
1.39001065774262,0.637989494146098,"educator",-1.00731569777828
-0.660389871370273,0.637989494146098,"administrator",-0.205141196332438
1.06194657308456,0.637989494146098,"administrator",1.0224960241123
1.22597861541359,-1.56576176219006,"librarian",-1.27322989715259
0.733882488426493,-1.56576176219006,"administrator",0.521690948624015
2.12815484822326,0.637989494146098,"educator",0.743286114769275
1.71807474240068,0.637989494146098,"marketing",-1.69869261615149
-0.168293744383179,0.637989494146098,"entertainment",0.862947504487715
1.14396259424907,0.637989494146098,"executive",-0.80344814492464
-0.660389871370273,0.637989494146098,"student",0.566009981853067
-0.250309765547695,0.637989494146098,"administrator",-1.31311702705874
-0.742405892534788,-1.56576176219006,"artist",0.632488531696645
0.733882488426493,0.637989494146098,"artist",1.58091584279836
1.22597861541359,-1.56576176219006,"executive",1.07567886398716
-1.15248599835737,0.637989494146098,"student",0.455212398780437
0.159770340274883,0.637989494146098,"executive",1.07124696066426
-1.56256610417994,0.637989494146098,"student",-1.54800790317271
0.323802382603915,0.637989494146098,"programmer",-0.599580592071001
-0.660389871370273,0.637989494146098,"student",0.0962282296251155
-0.578373850205757,0.637989494146098,"student",0.0962282296251155
-0.824421913699304,0.637989494146098,"engineer",1.29727403013242
2.21017086938777,0.637989494146098,"retired",0.122819649562547
0.40581840376843,0.637989494146098,"scientist",0.335551009061996
0.815898509591008,0.637989494146098,"educator",0.459644302103342
-0.414341807876726,0.637989494146098,"other",0.207025812697745
-1.23450201952188,0.637989494146098,"student",0.725558501477654
1.88210678472971,0.637989494146098,"engineer",1.08454267063297
-0.33232578671221,0.637989494146098,"salesman",0.348846719030712
1.06194657308456,0.637989494146098,"executive",1.40363970988215
-0.578373850205757,0.637989494146098,"programmer",0.619192821727929
-0.250309765547695,0.637989494146098,"engineer",-1.1092494742051
0.487834424932946,0.637989494146098,"healthcare",1.54102871289221
-1.15248599835737,0.637989494146098,"student",-1.13584089414253
-1.07046997719285,0.637989494146098,"administrator",1.06238315401845
-0.168293744383179,0.637989494146098,"programmer",0.517259045301109
1.06194657308456,-1.56576176219006,"other",-1.52141648323528
1.63605872123616,0.637989494146098,"librarian",1.67398581257937
-0.168293744383179,-1.56576176219006,"writer",-0.852199081476597
1.14396259424907,-1.56576176219006,"artist",-0.998451891132469
-0.00426170205414781,0.637989494146098,"student",0.357710525676522
-0.33232578671221,0.637989494146098,"lawyer",-0.856630984799502
-0.496357829041241,-1.56576176219006,"lawyer",-0.989588084486658
-0.0862777232186634,0.637989494146098,"none",0.597033305113403
-0.824421913699304,-1.56576176219006,"marketing",-0.994019987809563
0.159770340274883,-1.56576176219006,"marketing",-1.44164222342299
-1.15248599835737,0.637989494146098,"none",0.295663879155849
2.04613882705874,-1.56576176219006,"administrator",-1.14470470078834
-0.824421913699304,0.637989494146098,"other",1.363752579976
1.55404270007165,0.637989494146098,"engineer",0.774309438029611
-0.250309765547695,0.637989494146098,"programmer",0.845219891196094
-0.90643793486382,0.637989494146098,"student",-0.400144942540267
1.39001065774262,0.637989494146098,"other",1.55875632618383
1.3079946365781,0.637989494146098,"educator",0.942721764300008
0.97993055192004,0.637989494146098,"doctor",0.00759016316701154
-1.15248599835737,0.637989494146098,"student",-1.37516367357941
-0.33232578671221,-1.56576176219006,"student",-0.550829655519044
1.22597861541359,0.637989494146098,"programmer",-0.448895879092224
-1.72659814650898,0.637989494146098,"other",-0.14752645313467
0.651866467261977,0.637989494146098,"technician",-1.37959557690232
1.55404270007165,0.637989494146098,"programmer",-0.918677631320175
-0.250309765547695,0.637989494146098,"entertainment",1.75376007239166
0.897914530755524,0.637989494146098,"artist",0.911698441039672
0.487834424932946,-1.56576176219006,"librarian",-1.64107787295372
-0.0862777232186634,0.637989494146098,"engineer",1.50114158298606
0.0777543191103678,-1.56576176219006,"marketing",-1.10481757088219
-1.15248599835737,-1.56576176219006,"artist",-1.64994167959953
0.323802382603915,-1.56576176219006,"administrator",-0.156390259780481
-0.0862777232186634,-1.56576176219006,"educator",0.539418561915635
-0.742405892534788,0.637989494146098,"student",0.371006235645238
-0.742405892534788,0.637989494146098,"student",0.0164539698128219
-0.168293744383179,-1.56576176219006,"other",-1.29095751044421
-0.742405892534788,0.637989494146098,"educator",-1.40175509351684
1.88210678472971,0.637989494146098,"engineer",0.561578078530161
1.3079946365781,0.637989494146098,"educator",-0.732537691758157
-0.90643793486382,-1.56576176219006,"student",0.158274876145788
-0.578373850205757,0.637989494146098,"programmer",0.503963335332394
1.3079946365781,0.637989494146098,"lawyer",0.0785006163334947
-0.742405892534788,0.637989494146098,"artist",-1.14027279746543
1.22597861541359,0.637989494146098,"administrator",1.52330109960059
1.06194657308456,0.637989494146098,"healthcare",0.823060374581568
-1.15248599835737,-1.56576176219006,"other",0.0386134864273479
1.06194657308456,0.637989494146098,"educator",0.105092036270926
0.241786361439399,0.637989494146098,"other",1.70944103916261
1.14396259424907,0.637989494146098,"other",0.827492277904473
1.47202667890713,-1.56576176219006,"other",0.0208858731357271
1.55404270007165,-1.56576176219006,"healthcare",-0.617308205362621
1.14396259424907,-1.56576176219006,"educator",0.800900857967042
1.71807474240068,0.637989494146098,"marketing",-0.847767178153692
1.8000907635652,0.637989494146098,"other",-0.843335274830787
-0.33232578671221,-1.56576176219006,"administrator",-0.02786506341623
-0.660389871370273,-1.56576176219006,"scientist",-0.869926694768218
-0.496357829041241,0.637989494146098,"scientist",-1.44607412674589
-1.15248599835737,0.637989494146098,"programmer",-1.05163473100733
-0.660389871370273,0.637989494146098,"other",-0.103207419905618
-1.56256610417994,0.637989494146098,"entertainment",-0.954132857903417
-0.988453956028335,-1.56576176219006,"administrator",0.317823395770375
-0.660389871370273,0.637989494146098,"executive",-0.883222404736933
0.159770340274883,0.637989494146098,"programmer",-0.47105539570675
-0.0862777232186634,0.637989494146098,"scientist",-0.723673885112346
0.241786361439399,0.637989494146098,"librarian",0.650216144988265
1.55404270007165,-1.56576176219006,"librarian",1.56318822950674
0.40581840376843,-1.56576176219006,"executive",-1.75630735934926
-0.660389871370273,0.637989494146098,"educator",-1.12254518417381
0.651866467261977,0.637989494146098,"student",-0.661627238591673
-0.168293744383179,0.637989494146098,"artist",1.39920780655924
-0.33232578671221,0.637989494146098,"administrator",1.48341396969444
-0.0862777232186634,0.637989494146098,"administrator",1.43466303314249
0.651866467261977,0.637989494146098,"educator",1.1022702839246
-0.414341807876726,0.637989494146098,"student",-0.094343613259808
0.323802382603915,0.637989494146098,"administrator",-1.63221406630791
0.651866467261977,0.637989494146098,"scientist",1.2751145135179
1.22597861541359,0.637989494146098,"writer",0.0829325196563999
1.71807474240068,0.637989494146098,"technician",0.623624725050834
-1.07046997719285,-1.56576176219006,"student",0.189298199406125
-0.33232578671221,0.637989494146098,"writer",-1.09152186091348
0.487834424932946,0.637989494146098,"programmer",1.26625070687209
-0.578373850205757,0.637989494146098,"writer",1.69171342587099
0.569850446097461,-1.56576176219006,"educator",0.31339149244747
-0.742405892534788,-1.56576176219006,"student",-0.546397752196138
1.47202667890713,-1.56576176219006,"librarian",-1.30868512373583
1.06194657308456,0.637989494146098,"lawyer",-1.50368886994366
-1.64458212534446,-1.56576176219006,"student",-0.0190012567704196
0.40581840376843,0.637989494146098,"marketing",1.16431693044527
0.733882488426493,0.637989494146098,"engineer",-1.71642022944311
-0.0862777232186634,-1.56576176219006,"educator",0.995904604174871
0.40581840376843,0.637989494146098,"engineer",-1.58346312975595
2.62025097521035,0.637989494146098,"salesman",-0.537533945550328
1.22597861541359,-1.56576176219006,"educator",0.393165752259764
-0.0862777232186634,0.637989494146098,"executive",0.153842972822883
-0.660389871370273,-1.56576176219006,"librarian",-1.28652560712131
0.0777543191103678,0.637989494146098,"programmer",0.437484785488816
-0.988453956028335,0.637989494146098,"engineer",-1.6189183563392
-0.988453956028335,0.637989494146098,"other",-1.26879799382969
0.241786361439399,0.637989494146098,"administrator",-1.47709745000623
-0.168293744383179,0.637989494146098,"programmer",-0.307074972759258
-0.33232578671221,0.637989494146098,"librarian",0.74771801809218
-1.23450201952188,0.637989494146098,"student",-0.967428567872132
-0.414341807876726,0.637989494146098,"programmer",-0.750265305049777
-1.23450201952188,-1.56576176219006,"student",-0.169685969749196
-0.250309765547695,-1.56576176219006,"educator",-0.293779262790542
1.39001065774262,-1.56576176219006,"administrator",0.246912942603892
-0.496357829041241,0.637989494146098,"student",1.17761264041398
0.97993055192004,0.637989494146098,"executive",0.379870042291048
-1.07046997719285,-1.56576176219006,"student",-0.865494791445313
-0.414341807876726,-1.56576176219006,"librarian",-0.834471468184976
-0.496357829041241,-1.56576176219006,"student",-1.1978875406632
1.14396259424907,0.637989494146098,"librarian",-1.74301164938054
0.897914530755524,0.637989494146098,"scientist",1.68284961922518
0.323802382603915,0.637989494146098,"engineer",1.66069010261065
2.12815484822326,0.637989494146098,"retired",1.37704828994472
0.241786361439399,0.637989494146098,"educator",-0.81231195157045
0.815898509591008,-1.56576176219006,"writer",0.0120220664899167
1.22597861541359,0.637989494146098,"administrator",0.468508108749152
0.651866467261977,-1.56576176219006,"administrator",-0.271619746176016
0.40581840376843,0.637989494146098,"artist",1.46125445307992
-0.90643793486382,-1.56576176219006,"educator",-0.945269051257606
-0.660389871370273,-1.56576176219006,"student",-1.01174760110118
-0.0862777232186634,0.637989494146098,"educator",-0.572989172133569
-0.0862777232186634,0.637989494146098,"educator",0.31339149244747
-0.496357829041241,0.637989494146098,"technician",0.862947504487715
-0.988453956028335,0.637989494146098,"student",0.100660132948021
-1.23450201952188,0.637989494146098,"student",-0.70151436849782
-0.496357829041241,0.637989494146098,"engineer",-0.949700954580511
-0.742405892534788,0.637989494146098,"student",-0.435600169123508
-0.742405892534788,0.637989494146098,"student",0.920562247685482
-0.414341807876726,0.637989494146098,"executive",1.42136732317377
-0.496357829041241,0.637989494146098,"doctor",0.960449377591629
0.651866467261977,0.637989494146098,"engineer",-1.42391461013137
-0.660389871370273,-1.56576176219006,"librarian",-0.834471468184976
0.815898509591008,0.637989494146098,"educator",-0.333666392696689
-0.90643793486382,0.637989494146098,"entertainment",-1.4505060300688
0.0777543191103678,-1.56576176219006,"none",-0.391281135894456
-1.39853406185091,0.637989494146098,"student",0.676807564925696
-1.23450201952188,-1.56576176219006,"student",0.721126598154749
-1.07046997719285,0.637989494146098,"student",-0.12979883984305
0.487834424932946,-1.56576176219006,"artist",1.02692792743521
-0.496357829041241,0.637989494146098,"administrator",0.964881280914534
-1.23450201952188,-1.56576176219006,"student",0.765445631383801
0.569850446097461,0.637989494146098,"programmer",0.158274876145788
0.159770340274883,-1.56576176219006,"writer",1.05351934737264
-0.660389871370273,0.637989494146098,"executive",0.947153667622914
2.29218689055229,-1.56576176219006,"administrator",0.805332761289947
-0.90643793486382,0.637989494146098,"engineer",0.907266537716767
-0.824421913699304,0.637989494146098,"engineer",-1.0294752143928
-0.250309765547695,-1.56576176219006,"librarian",-0.320370682727973
-1.3165180406864,-1.56576176219006,"student",0.450780495457531
1.39001065774262,0.637989494146098,"engineer",-0.816743854893355
-0.0862777232186634,0.637989494146098,"scientist",0.0253177764586323
1.3079946365781,-1.56576176219006,"other",-1.35300415696488
-1.15248599835737,-1.56576176219006,"student",0.189298199406125
0.323802382603915,0.637989494146098,"engineer",1.16874883376817
-1.07046997719285,0.637989494146098,"student",1.41250351652796
0.0777543191103678,-1.56576176219006,"administrator",0.167138682791599
0.241786361439399,-1.56576176219006,"librarian",-0.626172012008432
-0.0862777232186634,0.637989494146098,"programmer",0.97817699088325
-0.33232578671221,-1.56576176219006,"librarian",-0.834471468184976
-1.56256610417994,-1.56576176219006,"student",-1.52584838655819
-0.988453956028335,0.637989494146098,"administrator",-0.985156181163753
-0.496357829041241,0.637989494146098,"programmer",0.136115359531262
0.487834424932946,0.637989494146098,"executive",1.21749977032013
-0.742405892534788,0.637989494146098,"programmer",0.0341815831044427
-0.578373850205757,0.637989494146098,"student",-1.16243231407996
-1.07046997719285,0.637989494146098,"salesman",-0.577421075456475
-0.00426170205414781,0.637989494146098,"marketing",-0.799016241601735
-1.89063018883801,0.637989494146098,"none",1.37261638662181
0.487834424932946,0.637989494146098,"engineer",1.27068261019499
-1.23450201952188,0.637989494146098,"student",-0.276051649498921
0.0777543191103678,-1.56576176219006,"programmer",1.38148019326762
-0.824421913699304,0.637989494146098,"writer",0.384301945613953
-0.00426170205414781,0.637989494146098,"technician",1.18204454373689
-0.250309765547695,0.637989494146098,"educator",-0.0633202899994716
0.733882488426493,-1.56576176219006,"administrator",-1.11811328085091
-0.414341807876726,-1.56576176219006,"educator",1.61193916605869
0.815898509591008,0.637989494146098,"executive",-1.72971593941183
-0.414341807876726,0.637989494146098,"doctor",0.446348592134626
-0.660389871370273,-1.56576176219006,"programmer",0.0873644229793051
-0.824421913699304,0.637989494146098,"student",0.220321522666461
0.651866467261977,0.637989494146098,"educator",0.738854211446369
-1.23450201952188,0.637989494146098,"student",-1.18015992737158
-0.988453956028335,-1.56576176219006,"student",0.570441885175972
-0.90643793486382,0.637989494146098,"programmer",1.30170593345533
0.897914530755524,0.637989494146098,"other",0.588169498467593
-0.742405892534788,0.637989494146098,"student",0.229185329312271
2.12815484822326,0.637989494146098,"retired",1.41693541985086
0.487834424932946,0.637989494146098,"scientist",0.557146175207256
0.241786361439399,0.637989494146098,"educator",1.14658931715365
-0.168293744383179,0.637989494146098,"technician",0.583737595144687
1.14396259424907,0.637989494146098,"other",-1.67210119621406
0.569850446097461,0.637989494146098,"marketing",0.277936265864229
-1.15248599835737,-1.56576176219006,"student",-1.41505080348556
-0.250309765547695,0.637989494146098,"educator",-1.06936234429895
0.733882488426493,-1.56576176219006,"other",0.685671371571507
-0.988453956028335,0.637989494146098,"administrator",-1.22004705727773
2.53823495404584,0.637989494146098,"retired",-1.47266554668332
0.323802382603915,0.637989494146098,"programmer",-0.861062888122407
-1.23450201952188,0.637989494146098,"student",-0.776856724987209
1.22597861541359,-1.56576176219006,"educator",0.184866296083219
-1.15248599835737,0.637989494146098,"student",-0.0588883866765664
-1.07046997719285,0.637989494146098,"student",-1.04277092436152
-1.07046997719285,-1.56576176219006,"student",-1.6233502596621
1.14396259424907,0.637989494146098,"technician",-1.64994167959953
0.569850446097461,0.637989494146098,"administrator",-1.14913660411125
-0.988453956028335,0.637989494146098,"student",-1.30425322041293
1.39001065774262,0.637989494146098,"administrator",-1.46823364336042
1.14396259424907,0.637989494146098,"educator",-1.71642022944311
0.0777543191103678,-1.56576176219006,"educator",-0.47105539570675
-0.0862777232186634,0.637989494146098,"entertainment",1.12886170386203
-1.15248599835737,0.637989494146098,"student",-0.36025781263412
1.06194657308456,0.637989494146098,"other",1.74489626574585
-0.168293744383179,0.637989494146098,"librarian",-0.639467721977147
0.897914530755524,0.637989494146098,"executive",-0.475487299029655
-0.90643793486382,0.637989494146098,"salesman",-0.346962102665404
0.241786361439399,0.637989494146098,"scientist",-1.31754893038164
0.40581840376843,-1.56576176219006,"librarian",0.255776749249703
0.0777543191103678,0.637989494146098,"lawyer",-0.409008749186077
0.97993055192004,0.637989494146098,"engineer",0.823060374581568
-1.39853406185091,-1.56576176219006,"student",-0.245028326238585
-0.742405892534788,-1.56576176219006,"other",1.58091584279836
0.733882488426493,0.637989494146098,"engineer",-0.604012495393906
-0.33232578671221,-1.56576176219006,"librarian",1.31056974010114
-0.496357829041241,-1.56576176219006,"librarian",1.31943354674695
-0.00426170205414781,0.637989494146098,"other",0.654648048311171
-1.3165180406864,0.637989494146098,"student",1.06238315401845
-0.824421913699304,-1.56576176219006,"student",-0.218436906301154
2.78428301753938,0.637989494146098,"retired",0.397597655582669
-0.168293744383179,0.637989494146098,"student",1.54546061621512
2.21017086938777,0.637989494146098,"educator",-0.0899117099369028
0.241786361439399,-1.56576176219006,"programmer",0.0829325196563999
-0.742405892534788,0.637989494146098,"scientist",-0.705946271820725
-0.414341807876726,-1.56576176219006,"librarian",-0.143094549811765
-0.742405892534788,0.637989494146098,"student",0.300095782478755
-0.168293744383179,-1.56576176219006,"homemaker",1.23079548028885
-0.660389871370273,0.637989494146098,"executive",1.62523487602741
0.487834424932946,0.637989494146098,"educator",-1.33527654367326
-0.988453956028335,0.637989494146098,"student",0.410893365551385
1.39001065774262,0.637989494146098,"other",1.58534774612126
-0.988453956028335,0.637989494146098,"student",-0.284915456144732
0.0777543191103678,-1.56576176219006,"homemaker",0.973745087560345
-1.15248599835737,0.637989494146098,"student",1.00920031414359
2.37420291171681,0.637989494146098,"engineer",-1.7075564227973
-0.414341807876726,0.637989494146098,"lawyer",-0.994019987809563
-1.15248599835737,-1.56576176219006,"student",-0.0544564833536612
-1.39853406185091,0.637989494146098,"student",-0.431168265800603
-1.3165180406864,0.637989494146098,"student",1.18647644705979
-0.824421913699304,0.637989494146098,"student",1.12442980053912
1.47202667890713,0.637989494146098,"writer",-1.39289128687103
0.159770340274883,0.637989494146098,"engineer",1.66955390925646
-0.742405892534788,-1.56576176219006,"student",0.499531432009489
-0.824421913699304,-1.56576176219006,"other",0.109523939593831
0.159770340274883,0.637989494146098,"executive",0.796468954644137
-1.39853406185091,0.637989494146098,"entertainment",-0.413440652508982
-0.496357829041241,-1.56576176219006,"other",-1.36186796361069
-0.988453956028335,0.637989494146098,"student",-1.07822615094476
0.0777543191103678,0.637989494146098,"student",-1.60119074304758
0.815898509591008,0.637989494146098,"programmer",1.6163710693816
-0.168293744383179,0.637989494146098,"engineer",0.113955842916736
-0.0862777232186634,0.637989494146098,"artist",1.3593206766531
0.897914530755524,0.637989494146098,"engineer",-1.7031245194744
0.651866467261977,0.637989494146098,"administrator",0.628056628373739
1.47202667890713,0.637989494146098,"programmer",-0.231732616269869
0.159770340274883,0.637989494146098,"writer",-1.3662998669336
0.159770340274883,0.637989494146098,"salesman",-0.298211166113447
-0.0862777232186634,0.637989494146098,"entertainment",-0.426736362477698
-0.250309765547695,0.637989494146098,"other",-0.453327782415129
0.815898509591008,-1.56576176219006,"writer",0.898402731070956
0.651866467261977,-1.56576176219006,"writer",0.956017474268724
-0.90643793486382,0.637989494146098,"student",0.951585570945819
1.47202667890713,0.637989494146098,"writer",0.260208652572608
-1.23450201952188,0.637989494146098,"student",0.893970827748051
-0.742405892534788,0.637989494146098,"administrator",1.49670967966316
0.733882488426493,0.637989494146098,"other",-0.280483552821826
1.88210678472971,0.637989494146098,"engineer",1.34159306336148
-1.39853406185091,0.637989494146098,"student",-0.736969595081062
0.487834424932946,0.637989494146098,"other",0.273504362541323
-0.742405892534788,0.637989494146098,"other",1.20420406035142
-0.0862777232186634,-1.56576176219006,"administrator",0.761013728060895
0.97993055192004,-1.56576176219006,"healthcare",0.929426054331293
-0.33232578671221,0.637989494146098,"engineer",1.43023112981958
0.241786361439399,0.637989494146098,"other",-1.46380174003751
-0.414341807876726,-1.56576176219006,"programmer",0.0962282296251155
-0.988453956028335,-1.56576176219006,"healthcare",-1.34414035031907
1.47202667890713,0.637989494146098,"educator",1.25738690022628
-0.414341807876726,0.637989494146098,"engineer",-1.57459932311014
-0.90643793486382,0.637989494146098,"student",0.406461462228479
1.14396259424907,0.637989494146098,"administrator",1.63409868267322
-0.33232578671221,-1.56576176219006,"artist",1.28841022348661
-0.00426170205414781,0.637989494146098,"educator",-0.236164519592774
-0.742405892534788,0.637989494146098,"educator",-1.15800041075706
1.71807474240068,0.637989494146098,"educator",0.75658182473799
-0.824421913699304,0.637989494146098,"programmer",-0.404576845863172
0.40581840376843,0.637989494146098,"educator",1.00033650749778
-1.15248599835737,-1.56576176219006,"student",1.21306786699723
-0.578373850205757,-1.56576176219006,"other",-0.156390259780481
1.71807474240068,-1.56576176219006,"none",-0.892086211382744
0.241786361439399,0.637989494146098,"lawyer",-0.302643069436352
1.55404270007165,0.637989494146098,"educator",-1.64550977627663
0.323802382603915,-1.56576176219006,"programmer",0.0829325196563999
-0.660389871370273,0.637989494146098,"entertainment",1.33716116003857
2.45621893288132,0.637989494146098,"other",1.14215741383074
0.159770340274883,-1.56576176219006,"marketing",0.20259390937484
-1.23450201952188,0.637989494146098,"student",0.251344845926797
1.71807474240068,0.637989494146098,"educator",-1.72528403608892
1.39001065774262,0.637989494146098,"doctor",0.982608894206155
-0.496357829041241,0.637989494146098,"student",0.189298199406125
-0.578373850205757,0.637989494146098,"student",-0.683786755206199
0.323802382603915,0.637989494146098,"scientist",1.62966677935031
-0.824421913699304,0.637989494146098,"marketing",1.21749977032013
-0.988453956028335,0.637989494146098,"entertainment",-0.072184096645282
-0.578373850205757,0.637989494146098,"artist",-1.29538941376712
-1.48055008301543,-1.56576176219006,"student",-0.0987755165827132
-0.824421913699304,0.637989494146098,"engineer",0.269072459218418
-0.33232578671221,-1.56576176219006,"administrator",-1.09595376423638
-0.578373850205757,-1.56576176219006,"other",-0.994019987809563
1.39001065774262,-1.56576176219006,"administrator",-0.311506876082163
-0.90643793486382,-1.56576176219006,"administrator",-0.940837147934701
-0.33232578671221,0.637989494146098,"other",-0.160822163103386
1.3079946365781,0.637989494146098,"technician",0.0652049063647791
-0.988453956028335,0.637989494146098,"student",0.991472700851966
0.0777543191103678,0.637989494146098,"salesman",-0.510942525612897
1.39001065774262,-1.56576176219006,"lawyer",-0.00127364347879886
-1.07046997719285,0.637989494146098,"writer",1.22193167364304
1.88210678472971,0.637989494146098,"educator",0.31339149244747
-0.33232578671221,0.637989494146098,"administrator",0.105092036270926
-0.90643793486382,0.637989494146098,"entertainment",-1.33970844699617
-0.90643793486382,0.637989494146098,"librarian",0.0696368096876843
0.0777543191103678,-1.56576176219006,"educator",-1.25993418718388
-1.48055008301543,0.637989494146098,"student",-0.134230743165955
0.0777543191103678,0.637989494146098,"administrator",-0.714810078466536
-1.3165180406864,0.637989494146098,"student",-1.51698457991238
1.88210678472971,0.637989494146098,"other",1.55432442286093
1.14396259424907,0.637989494146098,"administrator",0.902834634393862
-0.824421913699304,0.637989494146098,"technician",-0.568557268810664
-0.0862777232186634,-1.56576176219006,"salesman",-0.635035818654242
1.06194657308456,0.637989494146098,"technician",1.76262387903747
-0.988453956028335,0.637989494146098,"student",-0.688218658529105
0.815898509591008,-1.56576176219006,"other",0.366574332322333
-1.56256610417994,0.637989494146098,"student",1.60750726273579
-1.23450201952188,-1.56576176219006,"student",-1.59232693640177
1.14396259424907,-1.56576176219006,"healthcare",0.63692043501955
2.12815484822326,0.637989494146098,"writer",1.35045687000729
-0.168293744383179,0.637989494146098,"other",-1.55243980649562
-0.988453956028335,0.637989494146098,"student",1.09340647727879
-0.414341807876726,0.637989494146098,"engineer",1.11556599389331
-0.496357829041241,0.637989494146098,"engineer",-1.60562264637048
2.12815484822326,0.637989494146098,"educator",0.778741341352516
-0.824421913699304,0.637989494146098,"programmer",-1.33970844699617
-1.97264621000252,0.637989494146098,"student",0.712262791508938
-0.824421913699304,0.637989494146098,"student",1.01363221746649
-0.414341807876726,0.637989494146098,"student",1.38591209659053
1.39001065774262,0.637989494146098,"executive",1.28397832016371
-0.33232578671221,0.637989494146098,"programmer",0.641352338342455
-0.496357829041241,0.637989494146098,"student",0.331119105739091
-0.90643793486382,-1.56576176219006,"student",-1.66323738956825
-0.414341807876726,0.637989494146098,"other",-1.34414035031907
-0.33232578671221,0.637989494146098,"educator",0.176002489437409
1.88210678472971,0.637989494146098,"retired",1.63853058599612
3.19436312336196,0.637989494146098,"retired",-0.417872555831888
-1.3165180406864,-1.56576176219006,"student",-0.36912161927993
-0.414341807876726,0.637989494146098,"scientist",-0.307074972759258
-0.578373850205757,0.637989494146098,"student",-0.887654308059839
0.815898509591008,-1.56576176219006,"educator",1.47455016304863
0.40581840376843,0.637989494146098,"educator",1.25295499690337
-0.988453956028335,0.637989494146098,"engineer",1.1953402537056
1.14396259424907,0.637989494146098,"technician",-0.909813824674365
1.71807474240068,0.637989494146098,"other",-0.231732616269869
-0.414341807876726,-1.56576176219006,"artist",1.75819197571456
0.733882488426493,-1.56576176219006,"writer",0.0297496797815375
1.88210678472971,0.637989494146098,"educator",1.36818448329891
-0.988453956028335,0.637989494146098,"engineer",0.291231975832944
0.323802382603915,-1.56576176219006,"administrator",-0.112071226551429
-0.414341807876726,0.637989494146098,"engineer",-1.58789503307886
-1.07046997719285,-1.56576176219006,"student",0.189298199406125
-1.15248599835737,0.637989494146098,"student",-0.0854798066139976
-0.660389871370273,0.637989494146098,"writer",0.171570586114504
0.651866467261977,0.637989494146098,"programmer",0.614760918405024
-0.496357829041241,0.637989494146098,"administrator",1.32386545006986
-0.988453956028335,0.637989494146098,"student",-1.33084464035036
-0.988453956028335,0.637989494146098,"student",-0.807880048247545
1.3079946365781,-1.56576176219006,"writer",-0.736969595081062
0.487834424932946,-1.56576176219006,"writer",1.1909083503827
-0.578373850205757,-1.56576176219006,"other",-0.971860471195037
0.97993055192004,0.637989494146098,"programmer",-1.56573551646433
-1.3165180406864,-1.56576176219006,"writer",-0.710378175143631
-0.578373850205757,0.637989494146098,"marketing",-1.03390711771571
-0.90643793486382,0.637989494146098,"administrator",-1.35743606028779
-0.00426170205414781,0.637989494146098,"other",1.59421155276707
-0.988453956028335,0.637989494146098,"student",-0.874358598091123
-0.414341807876726,0.637989494146098,"other",-0.976292374517942
0.733882488426493,0.637989494146098,"administrator",-0.767992918341398
-0.578373850205757,0.637989494146098,"programmer",-0.962996664549227
1.55404270007165,0.637989494146098,"marketing",-0.107639323228524
1.55404270007165,-1.56576176219006,"librarian",-1.33970844699617
-0.824421913699304,0.637989494146098,"student",0.229185329312271
1.22597861541359,-1.56576176219006,"writer",1.68284961922518
-0.988453956028335,0.637989494146098,"other",0.140547262854167
2.29218689055229,0.637989494146098,"healthcare",-1.22891086392354
-1.23450201952188,0.637989494146098,"student",-1.63664596963082
0.159770340274883,0.637989494146098,"engineer",0.224753425989366
1.3079946365781,-1.56576176219006,"administrator",-1.56130361314143
1.8000907635652,0.637989494146098,"educator",-1.62778216298501
-0.578373850205757,-1.56576176219006,"administrator",-1.0250433110699
-0.33232578671221,0.637989494146098,"marketing",1.51000538963187
-0.0862777232186634,0.637989494146098,"librarian",-1.24663847721516
-1.3165180406864,0.637989494146098,"student",0.0785006163334947
1.06194657308456,-1.56576176219006,"administrator",-0.253892132884395
-0.414341807876726,0.637989494146098,"engineer",1.29284212680952
-0.33232578671221,-1.56576176219006,"salesman",1.57205203615255
-1.15248599835737,0.637989494146098,"student",1.23522738361175
0.733882488426493,0.637989494146098,"librarian",-1.61005454969339
-1.15248599835737,0.637989494146098,"student",-1.534712193204
0.897914530755524,-1.56576176219006,"educator",0.849651794518999
0.323802382603915,0.637989494146098,"engineer",-0.608444398716811
0.159770340274883,0.637989494146098,"engineer",-0.838903371507881
-0.250309765547695,0.637989494146098,"scientist",-0.91424572799727
1.55404270007165,-1.56576176219006,"administrator",0.854083697841904
-0.496357829041241,0.637989494146098,"engineer",1.11556599389331
-1.23450201952188,-1.56576176219006,"student",0.938289860977103
-1.07046997719285,0.637989494146098,"student",0.344414815707807
-0.0862777232186634,0.637989494146098,"scientist",1.42579922649668
0.815898509591008,-1.56576176219006,"other",-0.657195335268768
-0.578373850205757,0.637989494146098,"technician",-1.41061890016265
0.159770340274883,0.637989494146098,"executive",-0.821175758216261
1.3079946365781,0.637989494146098,"educator",-1.1934556373403
1.39001065774262,0.637989494146098,"writer",1.45239064643411
0.651866467261977,0.637989494146098,"scientist",-0.214005002978248
-1.48055008301543,-1.56576176219006,"student",1.4479587431112
-0.742405892534788,0.637989494146098,"programmer",0.189298199406125
0.897914530755524,0.637989494146098,"other",0.52612285194692
1.96412280589423,0.637989494146098,"educator",0.4241890755201
-0.168293744383179,0.637989494146098,"scientist",0.4241890755201
-0.414341807876726,-1.56576176219006,"educator",-0.794584338278829
0.0777543191103678,-1.56576176219006,"educator",-0.586284882102285
-0.33232578671221,-1.56576176219006,"writer",-1.29095751044421
1.8000907635652,-1.56576176219006,"writer",0.464076205426247
2.8662990387039,0.637989494146098,"executive",-1.33527654367326
-0.168293744383179,0.637989494146098,"student",-1.3662998669336
-0.90643793486382,0.637989494146098,"engineer",0.264640555895513
1.63605872123616,-1.56576176219006,"administrator",-0.927541437965985
0.40581840376843,-1.56576176219006,"librarian",-0.533102042227423
2.53823495404584,0.637989494146098,"retired",1.35488877333019
0.487834424932946,0.637989494146098,"student",0.20259390937484
-1.15248599835737,0.637989494146098,"student",-1.18902373401739
-0.824421913699304,0.637989494146098,"entertainment",-1.3662998669336
0.40581840376843,0.637989494146098,"educator",-1.69426071282858
-0.00426170205414781,0.637989494146098,"educator",1.15102122047655
-0.660389871370273,0.637989494146098,"educator",-1.18902373401739
-0.00426170205414781,0.637989494146098,"artist",-1.68539690618277
1.39001065774262,0.637989494146098,"educator",-1.00731569777828
2.78428301753938,0.637989494146098,"retired",-0.120935033197239
1.8000907635652,0.637989494146098,"educator",-0.00570554680170406
-0.0862777232186634,0.637989494146098,"marketing",-0.200709293009533
1.14396259424907,0.637989494146098,"executive",1.64296248931903
0.159770340274883,-1.56576176219006,"student",0.734422308123464
-0.250309765547695,0.637989494146098,"administrator",1.71830484580842
-0.168293744383179,0.637989494146098,"educator",-0.156390259780481
-1.48055008301543,0.637989494146098,"student",-1.08265805426767
0.241786361439399,0.637989494146098,"other",1.31500164342405
-1.39853406185091,0.637989494146098,"student",1.23965928693466
0.815898509591008,0.637989494146098,"engineer",-0.652763431945863
-0.742405892534788,0.637989494146098,"student",-0.741401498403967
2.8662990387039,0.637989494146098,"librarian",1.65182629596484
-1.15248599835737,0.637989494146098,"student",0.814196567935758
-0.660389871370273,0.637989494146098,"other",-1.20231944398611
-1.3165180406864,-1.56576176219006,"student",1.24852309358047
-1.07046997719285,0.637989494146098,"lawyer",1.04465554072683
1.3079946365781,0.637989494146098,"educator",0.889538924425146
1.88210678472971,-1.56576176219006,"librarian",1.17318073709108
-1.3165180406864,0.637989494146098,"student",1.57648393947545
-0.250309765547695,-1.56576176219006,"educator",0.539418561915635
0.97993055192004,0.637989494146098,"educator",1.71387294248551
-0.742405892534788,0.637989494146098,"programmer",-0.564125365487759
-1.15248599835737,0.637989494146098,"artist",0.698967081540222
-0.90643793486382,0.637989494146098,"other",0.933857957654198
0.487834424932946,-1.56576176219006,"marketing",-0.324802586050878
-0.988453956028335,-1.56576176219006,"student",1.73160055577713
-0.00426170205414781,0.637989494146098,"programmer",-1.61448645301629
-1.23450201952188,-1.56576176219006,"artist",1.67841771590227
1.06194657308456,-1.56576176219006,"other",-0.462191589060939
-1.07046997719285,0.637989494146098,"programmer",-0.174117873072102
0.40581840376843,0.637989494146098,"educator",-1.25550228386097
-0.0862777232186634,0.637989494146098,"engineer",-0.493214912321276
-0.496357829041241,0.637989494146098,"programmer",0.441916688811721
1.22597861541359,-1.56576176219006,"healthcare",-1.63221406630791
-0.988453956028335,0.637989494146098,"other",-1.3662998669336
-1.72659814650898,-1.56576176219006,"student",0.0873644229793051
-0.988453956028335,0.637989494146098,"student",-0.878790501414028
0.97993055192004,0.637989494146098,"librarian",0.681239468248602
0.159770340274883,0.637989494146098,"educator",0.809764664612852
0.241786361439399,-1.56576176219006,"marketing",-0.643899625300053
1.63605872123616,0.637989494146098,"educator",0.836356084550284
0.323802382603915,0.637989494146098,"educator",-0.728105788435251
1.71807474240068,0.637989494146098,"scientist",-0.0588883866765664
-0.578373850205757,-1.56576176219006,"writer",-1.29982131709002
-1.56256610417994,-1.56576176219006,"student",-0.2583240362073
-1.39853406185091,0.637989494146098,"student",-0.262755939530206
-1.3165180406864,-1.56576176219006,"writer",0.885107021102241
-1.39853406185091,0.637989494146098,"student",0.326687202416186
-0.742405892534788,0.637989494146098,"programmer",-1.18459183069449
1.3079946365781,-1.56576176219006,"educator",0.308959589124565
-1.23450201952188,0.637989494146098,"student",-0.617308205362621
-0.578373850205757,0.637989494146098,"programmer",-0.958564761226322
-0.90643793486382,0.637989494146098,"scientist",-1.01617950442409
-0.824421913699304,0.637989494146098,"engineer",-1.41948270680846
-1.72659814650898,0.637989494146098,"none",1.32829735339276
0.97993055192004,-1.56576176219006,"other",-0.253892132884395
-0.660389871370273,-1.56576176219006,"healthcare",0.171570586114504
-1.3165180406864,-1.56576176219006,"student",-0.395713039217362
-1.3165180406864,0.637989494146098,"student",0.229185329312271
0.0777543191103678,0.637989494146098,"programmer",0.189298199406125
0.40581840376843,0.637989494146098,"engineer",1.73603245910004
-0.988453956028335,0.637989494146098,"other",-0.790152434955924
1.06194657308456,0.637989494146098,"educator",-0.165254066426291
-0.33232578671221,0.637989494146098,"other",0.610329015082119
0.897914530755524,0.637989494146098,"engineer",-1.68982880950568
0.651866467261977,-1.56576176219006,"librarian",-1.25107038053806
-1.15248599835737,0.637989494146098,"student",0.410893365551385
-0.824421913699304,0.637989494146098,"student",0.362142428999427
-1.3165180406864,-1.56576176219006,"student",1.45682254975701
0.40581840376843,0.637989494146098,"scientist",0.118387746239642
1.39001065774262,0.637989494146098,"retired",0.477371915394963
-0.578373850205757,0.637989494146098,"programmer",0.00759016316701154
-1.39853406185091,-1.56576176219006,"student",-0.0455926767078508
0.487834424932946,0.637989494146098,"educator",-0.209573099655343
0.733882488426493,0.637989494146098,"engineer",1.13329360718493
-1.15248599835737,0.637989494146098,"student",-0.386849232571551
0.651866467261977,0.637989494146098,"engineer",0.911698441039672
2.53823495404584,0.637989494146098,"retired",-1.59675883972467
0.0777543191103678,0.637989494146098,"other",-0.821175758216261
-0.250309765547695,0.637989494146098,"executive",0.0829325196563999
-0.578373850205757,-1.56576176219006,"student",0.787605147998326
1.3079946365781,-1.56576176219006,"healthcare",0.375438138968143
1.14396259424907,0.637989494146098,"educator",-1.32198083370455
-0.660389871370273,-1.56576176219006,"none",0.783173244675421
-0.0862777232186634,0.637989494146098,"programmer",1.21306786699723
-0.250309765547695,0.637989494146098,"educator",0.0430453897502531
-0.660389871370273,0.637989494146098,"student",0.707830888186033
-0.496357829041241,0.637989494146098,"programmer",1.6208029727045
1.71807474240068,0.637989494146098,"librarian",-1.05606663433024
-0.660389871370273,0.637989494146098,"other",-1.03833902103862
-0.33232578671221,0.637989494146098,"engineer",1.30613783677823
-0.742405892534788,0.637989494146098,"administrator",0.180434392760314
0.815898509591008,0.637989494146098,"administrator",0.41532526887429
0.0777543191103678,0.637989494146098,"librarian",-1.67653309953696
-0.414341807876726,-1.56576176219006,"writer",-1.35300415696488
0.241786361439399,0.637989494146098,"other",-0.994019987809563
-0.33232578671221,0.637989494146098,"technician",-0.900950018028554
-1.07046997719285,0.637989494146098,"programmer",1.15545312379946
1.63605872123616,-1.56576176219006,"administrator",1.05795125069554
1.39001065774262,0.637989494146098,"educator",-0.825607661539166
-1.72659814650898,-1.56576176219006,"student",0.144979166177073
-0.00426170205414781,0.637989494146098,"other",-0.69265056185201
-0.33232578671221,0.637989494146098,"programmer",-0.528670138904518
-1.15248599835737,0.637989494146098,"other",1.68728152254808
1.3079946365781,0.637989494146098,"educator",0.402029558905574
-1.15248599835737,-1.56576176219006,"student",0.0474772930731583
-0.0862777232186634,0.637989494146098,"lawyer",1.08011076731007
0.815898509591008,-1.56576176219006,"marketing",1.51886919627768
-0.90643793486382,0.637989494146098,"programmer",0.127251552885452
0.651866467261977,0.637989494146098,"librarian",-0.781288628310114
-0.496357829041241,0.637989494146098,"student",0.189298199406125
-0.168293744383179,-1.56576176219006,"librarian",0.176002489437409
-0.168293744383179,0.637989494146098,"educator",-0.763561015018493
-0.250309765547695,-1.56576176219006,"healthcare",-0.719241981789441
0.241786361439399,-1.56576176219006,"administrator",0.339982912384901
-0.742405892534788,0.637989494146098,"other",-0.222868809624059
0.0777543191103678,0.637989494146098,"salesman",0.472940012072057
-0.00426170205414781,0.637989494146098,"educator",0.286800072510039
-0.00426170205414781,0.637989494146098,"engineer",-1.07379424762186
0.733882488426493,-1.56576176219006,"healthcare",0.96931318423744
2.12815484822326,0.637989494146098,"programmer",-1.50812077326657
-0.660389871370273,0.637989494146098,"writer",-0.404576845863172
1.71807474240068,0.637989494146098,"other",1.39477590323634
-0.742405892534788,0.637989494146098,"other",0.690103274894412
-0.496357829041241,-1.56576176219006,"programmer",-1.45936983671461
0.815898509591008,0.637989494146098,"other",1.49227777634025
-1.39853406185091,0.637989494146098,"student",0.672375661602791
1.39001065774262,-1.56576176219006,"librarian",0.233617232635177
0.241786361439399,0.637989494146098,"other",1.0180641207894
-0.660389871370273,0.637989494146098,"educator",-0.103207419905618
1.39001065774262,-1.56576176219006,"librarian",1.11113409057041
-1.07046997719285,-1.56576176219006,"student",0.0563410997189687
-0.90643793486382,0.637989494146098,"student",0.229185329312271
1.8000907635652,-1.56576176219006,"librarian",-1.04720282768443
-0.660389871370273,-1.56576176219006,"homemaker",1.48784587301735
-1.07046997719285,0.637989494146098,"other",1.72716865245423
-1.23450201952188,0.637989494146098,"student",1.15988502712236
-0.988453956028335,-1.56576176219006,"student",-1.17129612072577
-0.988453956028335,-1.56576176219006,"student",0.0607730030418739
0.651866467261977,-1.56576176219006,"other",-1.43277841677718
-0.660389871370273,0.637989494146098,"engineer",0.149411069499978
-1.07046997719285,0.637989494146098,"technician",1.11999789721622
0.159770340274883,-1.56576176219006,"administrator",-0.24946022956149
-0.824421913699304,0.637989494146098,"technician",0.924994151008388
0.651866467261977,0.637989494146098,"technician",0.481803818717868
0.241786361439399,-1.56576176219006,"other",1.74046436242294
1.22597861541359,-1.56576176219006,"administrator",-1.13140899081962
-0.824421913699304,-1.56576176219006,"entertainment",-1.2820937037984
1.3079946365781,-1.56576176219006,"homemaker",-1.10038566755929
-0.660389871370273,0.637989494146098,"executive",1.33272925671567
-0.250309765547695,0.637989494146098,"executive",-0.373553522602836
-1.07046997719285,0.637989494146098,"student",1.14658931715365
-0.742405892534788,-1.56576176219006,"administrator",0.871811311133525
-0.742405892534788,0.637989494146098,"student",0.792037051321232
1.96412280589423,0.637989494146098,"executive",1.32829735339276
-1.23450201952188,0.637989494146098,"student",0.238049135958082
-0.250309765547695,-1.56576176219006,"scientist",-0.555261558841949
0.569850446097461,-1.56576176219006,"educator",0.552714271884351
-0.496357829041241,-1.56576176219006,"other",1.64739439264193
0.815898509591008,-1.56576176219006,"other",0.366574332322333
-0.742405892534788,-1.56576176219006,"other",0.446348592134626
-0.414341807876726,-1.56576176219006,"healthcare",1.00476841082068
1.14396259424907,-1.56576176219006,"writer",1.36818448329891
-0.33232578671221,0.637989494146098,"programmer",1.59864345608998
0.0777543191103678,0.637989494146098,"technician",1.4435268397883
0.0777543191103678,0.637989494146098,"technician",0.592601401790498
-0.742405892534788,-1.56576176219006,"educator",-0.852199081476597
-0.742405892534788,0.637989494146098,"writer",0.446348592134626
0.0777543191103678,0.637989494146098,"student",-0.674922948560389
-0.250309765547695,0.637989494146098,"programmer",1.22636357696594
0.0777543191103678,0.637989494146098,"marketing",-0.187413583040817
0.651866467261977,0.637989494146098,"writer",0.105092036270926
-0.742405892534788,0.637989494146098,"engineer",-1.06049853765314
-1.23450201952188,0.637989494146098,"other",1.2795464168408
-0.496357829041241,0.637989494146098,"administrator",1.39034399991343
-0.0862777232186634,0.637989494146098,"other",0.880675117779336
-0.496357829041241,0.637989494146098,"administrator",-0.541965848873233
-0.824421913699304,-1.56576176219006,"other",1.04465554072683
2.12815484822326,0.637989494146098,"retired",-0.896518114705649
1.8000907635652,0.637989494146098,"salesman",1.11999789721622
2.04613882705874,-1.56576176219006,"librarian",0.4241890755201
0.815898509591008,-1.56576176219006,"educator",1.50557348630897
-0.33232578671221,-1.56576176219006,"none",1.06681505734135
-0.660389871370273,0.637989494146098,"student",0.0785006163334947
-0.578373850205757,0.637989494146098,"student",0.0253177764586323
-1.15248599835737,-1.56576176219006,"student",0.530554755269825
0.0777543191103678,-1.56576176219006,"other",-1.20675134730901
-1.39853406185091,0.637989494146098,"student",1.54989251953802
-0.168293744383179,0.637989494146098,"administrator",1.40807161320505
-0.578373850205757,0.637989494146098,"scientist",-1.66766929289115
-0.578373850205757,-1.56576176219006,"educator",0.428620978843005
-0.250309765547695,0.637989494146098,"student",-0.519806332258707
0.651866467261977,0.637989494146098,"other",-1.30868512373583
2.94831505986841,0.637989494146098,"engineer",-1.75630735934926
-0.414341807876726,0.637989494146098,"administrator",-1.22447896060063
0.40581840376843,0.637989494146098,"executive",-1.4549379333917
-0.496357829041241,0.637989494146098,"student",-1.20231944398611
-0.660389871370273,0.637989494146098,"student",-1.15356850743415
1.3079946365781,0.637989494146098,"writer",-0.759129111695588
-1.15248599835737,0.637989494146098,"student",0.189298199406125
-0.33232578671221,0.637989494146098,"student",0.818628471258663
0.97993055192004,0.637989494146098,"executive",1.04908744404973
-0.33232578671221,0.637989494146098,"librarian",-0.050024580030756
2.37420291171681,0.637989494146098,"programmer",-1.7075564227973
-0.00426170205414781,0.637989494146098,"student",-1.68096500285987
-0.250309765547695,0.637989494146098,"student",1.7005772325168
1.22597861541359,0.637989494146098,"programmer",1.34602496668438
-1.15248599835737,0.637989494146098,"student",-0.125366936520144
-1.07046997719285,-1.56576176219006,"artist",-0.515374428935802
-0.33232578671221,0.637989494146098,"marketing",0.703398984863128
1.06194657308456,0.637989494146098,"administrator",1.1067021872475
-0.168293744383179,0.637989494146098,"engineer",-0.785720531633019
0.159770340274883,-1.56576176219006,"engineer",-1.71198832612021
-1.3165180406864,-1.56576176219006,"student",1.65625819928775
1.39001065774262,0.637989494146098,"administrator",-1.53028028988109
-0.414341807876726,0.637989494146098,"other",0.198162006051935
-0.578373850205757,0.637989494146098,"technician",0.87624321445643
-0.250309765547695,0.637989494146098,"educator",-0.980724277840848
0.487834424932946,0.637989494146098,"programmer",-1.24220657389225
-0.988453956028335,0.637989494146098,"student",0.98704079752906
-0.168293744383179,0.637989494146098,"educator",0.242481039280987
-0.33232578671221,0.637989494146098,"programmer",-1.38845938354813
-0.168293744383179,-1.56576176219006,"writer",-0.488783008998371
0.815898509591008,-1.56576176219006,"other",0.419757172197195
0.487834424932946,-1.56576176219006,"writer",0.486235722040773
1.22597861541359,-1.56576176219006,"administrator",-1.02061140774699
-0.742405892534788,0.637989494146098,"programmer",0.144979166177073
-0.988453956028335,0.637989494146098,"writer",1.19977215702851
0.0777543191103678,0.637989494146098,"administrator",-0.466623492383845
2.94831505986841,0.637989494146098,"administrator",0.75658182473799
0.40581840376843,0.637989494146098,"educator",0.41532526887429
-0.578373850205757,-1.56576176219006,"other",-0.994019987809563
-0.578373850205757,0.637989494146098,"marketing",-1.29095751044421
0.569850446097461,-1.56576176219006,"healthcare",1.2751145135179
0.897914530755524,0.637989494146098,"salesman",1.03579173408102
1.3079946365781,-1.56576176219006,"marketing",-0.58185297877938
1.71807474240068,-1.56576176219006,"other",0.86737940781062
0.487834424932946,-1.56576176219006,"educator",0.574873788498877
-0.988453956028335,0.637989494146098,"technician",0.667943758279886
-1.64458212534446,-1.56576176219006,"student",-1.65880548624534
-0.33232578671221,0.637989494146098,"other",-1.23777467056935
-0.168293744383179,0.637989494146098,"other",-0.697082465174915
-0.00426170205414781,0.637989494146098,"other",-0.954132857903417
-1.23450201952188,0.637989494146098,"student",0.30452768580166
-0.496357829041241,0.637989494146098,"librarian",-0.736969595081062
2.04613882705874,0.637989494146098,"administrator",-0.382417329248646
-0.988453956028335,0.637989494146098,"student",-0.422304459154793
0.241786361439399,0.637989494146098,"engineer",0.734422308123464
-0.414341807876726,-1.56576176219006,"librarian",-0.0145693534475145
-0.578373850205757,0.637989494146098,"artist",-0.0677521933223768
-0.250309765547695,0.637989494146098,"other",-1.17572802404868
0.815898509591008,0.637989494146098,"engineer",-1.5391440965269
-0.496357829041241,0.637989494146098,"artist",0.694535178217317
-0.90643793486382,-1.56576176219006,"engineer",0.840787987873189
-0.496357829041241,0.637989494146098,"librarian",0.991472700851966
1.14396259424907,0.637989494146098,"writer",0.831924181227378
0.97993055192004,0.637989494146098,"programmer",-0.0234331600933248
-1.07046997719285,0.637989494146098,"other",-0.47991920235256
-0.824421913699304,0.637989494146098,"technician",0.690103274894412
-0.00426170205414781,0.637989494146098,"writer",1.04022363740392
-0.660389871370273,0.637989494146098,"other",0.490667625363678
0.815898509591008,-1.56576176219006,"executive",-1.2776618004755
0.815898509591008,0.637989494146098,"artist",-1.34857225364198
0.159770340274883,-1.56576176219006,"artist",0.176002489437409
-0.90643793486382,0.637989494146098,"student",-1.73414784273473
0.323802382603915,-1.56576176219006,"entertainment",1.09783838060169
0.40581840376843,0.637989494146098,"artist",0.167138682791599
0.897914530755524,0.637989494146098,"doctor",-0.178549776395007
0.487834424932946,0.637989494146098,"writer",1.24409119025756
0.0777543191103678,0.637989494146098,"librarian",-0.2583240362073
-0.988453956028335,0.637989494146098,"engineer",1.47011825972573
2.45621893288132,0.637989494146098,"doctor",1.56762013282964
-0.578373850205757,0.637989494146098,"lawyer",-0.182981679717912
-0.414341807876726,0.637989494146098,"student",0.19373010272903
0.97993055192004,0.637989494146098,"engineer",-1.63664596963082
-1.56256610417994,-1.56576176219006,"student",-0.772424821664303
-0.00426170205414781,0.637989494146098,"technician",0.769877534706706
-1.3165180406864,0.637989494146098,"other",-0.648331528622958
0.97993055192004,0.637989494146098,"administrator",1.30170593345533
1.22597861541359,0.637989494146098,"writer",-0.355825909311215
-0.414341807876726,-1.56576176219006,"student",0.171570586114504
1.55404270007165,0.637989494146098,"librarian",-1.55687170981852
0.733882488426493,-1.56576176219006,"marketing",1.5321649062464
0.0777543191103678,-1.56576176219006,"administrator",1.74932816906875
2.37420291171681,0.637989494146098,"educator",-1.37073177025651
-1.3165180406864,-1.56576176219006,"other",-1.48596125665204
2.94831505986841,-1.56576176219006,"retired",-0.13866264648886
0.323802382603915,-1.56576176219006,"student",-1.21118325063192
-0.742405892534788,0.637989494146098,"executive",-1.21561515395482
-1.39853406185091,0.637989494146098,"student",0.286800072510039
-0.578373850205757,0.637989494146098,"programmer",0.433052882165911
-0.742405892534788,0.637989494146098,"artist",-1.28652560712131
0.897914530755524,0.637989494146098,"other",0.322255299093281
-0.824421913699304,0.637989494146098,"scientist",1.20863596367432
-1.07046997719285,0.637989494146098,"programmer",0.131683456208357
-0.33232578671221,0.637989494146098,"student",-1.33084464035036
-0.988453956028335,0.637989494146098,"student",0.495099528686583
-0.250309765547695,0.637989494146098,"executive",-0.24059642291568
-1.23450201952188,-1.56576176219006,"student",0.605897111759213
1.14396259424907,-1.56576176219006,"administrator",-0.484351105675466
0.159770340274883,0.637989494146098,"scientist",-0.444463975769319
-0.824421913699304,-1.56576176219006,"student",-0.457759685738034
0.569850446097461,0.637989494146098,"other",-0.92310953464308
-0.33232578671221,0.637989494146098,"other",0.716694694831843
1.3079946365781,-1.56576176219006,"educator",1.58534774612126
-0.0862777232186634,-1.56576176219006,"administrator",0.144979166177073
-1.72659814650898,0.637989494146098,"student",0.898402731070956
0.40581840376843,0.637989494146098,"marketing",-0.329234489373784
0.0777543191103678,0.637989494146098,"engineer",-0.364689715957025
1.22597861541359,0.637989494146098,"librarian",-0.0766159999681872
0.815898509591008,0.637989494146098,"engineer",0.144979166177073
-0.33232578671221,-1.56576176219006,"other",1.43909493646539
-1.15248599835737,0.637989494146098,"student",0.41532526887429
-1.64458212534446,-1.56576176219006,"student",-0.754697208372683
0.569850446097461,0.637989494146098,"scientist",-1.113681377528
-0.824421913699304,0.637989494146098,"technician",0.783173244675421
-0.168293744383179,0.637989494146098,"student",1.54546061621512
1.39001065774262,-1.56576176219006,"administrator",-1.57903122643305
0.159770340274883,0.637989494146098,"other",-0.227300712946964
-0.742405892534788,0.637989494146098,"student",1.47898206637154
1.06194657308456,0.637989494146098,"educator",0.601465208436308
-0.250309765547695,-1.56576176219006,"librarian",-0.546397752196138
-0.496357829041241,0.637989494146098,"writer",1.13772551050784
-0.33232578671221,0.637989494146098,"other",-0.502078718967086
-0.90643793486382,0.637989494146098,"homemaker",0.406461462228479
-0.168293744383179,0.637989494146098,"other",0.109523939593831
2.12815484822326,0.637989494146098,"retired",-1.06493044097605
0.323802382603915,0.637989494146098,"executive",1.7050091358397
0.897914530755524,-1.56576176219006,"artist",1.51443729295478
-0.496357829041241,0.637989494146098,"educator",-0.936405244611796
-1.39853406185091,-1.56576176219006,"student",0.388733848936859
-0.578373850205757,0.637989494146098,"other",-0.59071678542519
0.897914530755524,0.637989494146098,"librarian",0.548282368561446
-0.742405892534788,-1.56576176219006,"other",0.86737940781062
0.815898509591008,-1.56576176219006,"librarian",0.53498665859273
1.3079946365781,-1.56576176219006,"educator",-0.0101374501246093
-0.496357829041241,0.637989494146098,"healthcare",-0.670491045237484
0.241786361439399,-1.56576176219006,"writer",0.00315825984410634
1.39001065774262,0.637989494146098,"other",-1.48152935332914
-0.578373850205757,0.637989494146098,"student",0.663511854956981
0.815898509591008,-1.56576176219006,"other",-1.40618699683975
1.3079946365781,0.637989494146098,"entertainment",0.353278622353617
-0.578373850205757,0.637989494146098,"engineer",1.72273674913132
-0.988453956028335,-1.56576176219006,"student",-1.00288379445537
0.487834424932946,0.637989494146098,"scientist",0.543850465238541
-0.742405892534788,0.637989494146098,"other",-1.20231944398611
-0.33232578671221,-1.56576176219006,"artist",1.03135983075811
-1.15248599835737,-1.56576176219006,"student",1.66512200593356
-0.414341807876726,-1.56576176219006,"administrator",-0.900950018028554
-1.07046997719285,0.637989494146098,"student",1.69614532919389
-0.414341807876726,0.637989494146098,"other",-1.26436609050678
-1.3165180406864,-1.56576176219006,"salesman",-0.116503129874334
1.22597861541359,0.637989494146098,"entertainment",-1.72085213276602
-0.90643793486382,0.637989494146098,"programmer",0.211457716020651
-1.07046997719285,0.637989494146098,"student",0.171570586114504
0.815898509591008,0.637989494146098,"scientist",0.0297496797815375
-0.496357829041241,-1.56576176219006,"scientist",-1.42834651345427
2.12815484822326,0.637989494146098,"educator",-0.497646815644181
1.96412280589423,0.637989494146098,"educator",-1.49482506329785
-0.496357829041241,0.637989494146098,"student",-0.151958356457576
2.21017086938777,0.637989494146098,"engineer",-0.838903371507881
0.651866467261977,0.637989494146098,"doctor",0.508395238655299
-0.824421913699304,0.637989494146098,"other",-0.524238235581612
1.14396259424907,0.637989494146098,"educator",1.59864345608998
0.323802382603915,-1.56576176219006,"technician",0.0740687130105895
-0.660389871370273,-1.56576176219006,"student",-0.506510622289991
-0.168293744383179,0.637989494146098,"administrator",-1.6189183563392
-1.15248599835737,0.637989494146098,"student",1.5365968095693
1.14396259424907,-1.56576176219006,"librarian",0.752149921415085
-0.988453956028335,0.637989494146098,"student",0.729990404800559
